id,trader_id,account_number,account_type,balance,buying_power,max_position_size,status,created_at
ACC-2001,T-001,APX-300001,eval,100000.00,100000.00,10,active,2026-03-01T00:00:00Z
ACC-2002,T-002,SMT-300002,eval,150000.00,150000.00,10,active,2026-03-02T00:00:00Z
ACC-2003,T-003,MRD-300003,funded,150000.00,150000.00,10,active,2026-03-03T00:00:00Z
ACC-2004,T-004,APX-300004,pro,100000.00,100000.00,10,active,2026-03-04T00:00:00Z
ACC-2005,T-005,SMT-300005,funded,100000.00,100000.00,10,active,2026-03-05T00:00:00Z
ACC-2006,T-006,MRD-300006,funded,150000.00,150000.00,10,active,2026-03-06T00:00:00Z
ACC-2007,T-007,APX-300007,funded,150000.00,150000.00,10,active,2026-03-07T00:00:00Z
ACC-2008,T-008,SMT-300008,funded,50000.00,50000.00,5,active,2026-03-08T00:00:00Z
ACC-2009,T-009,MRD-300009,funded,25000.00,25000.00,5,active,2026-03-09T00:00:00Z
ACC-2010,T-010,APX-300010,funded,25000.00,25000.00,5,active,2026-03-10T00:00:00Z
ACC-2011,T-011,SMT-300011,eval,25000.00,25000.00,5,active,2026-03-11T00:00:00Z
ACC-2012,T-012,MRD-300012,pro,50000.00,50000.00,5,active,2026-03-12T00:00:00Z
ACC-2013,T-013,APX-300013,funded,50000.00,50000.00,5,active,2026-03-13T00:00:00Z
ACC-2014,T-014,SMT-300014,funded,25000.00,25000.00,5,active,2026-03-14T00:00:00Z
ACC-2015,T-015,MRD-300015,funded,25000.00,25000.00,5,active,2026-03-15T00:00:00Z
ACC-2016,T-016,APX-300016,funded,50000.00,50000.00,5,active,2026-03-16T00:00:00Z
ACC-2017,T-017,SMT-300017,funded,18000.00,18000.00,8,active,2026-03-17T00:00:00Z
ACC-2018,T-018,MRD-300018,eval,25000.00,25000.00,5,active,2026-03-18T00:00:00Z
ACC-2019,T-018,MRD-300019,eval,25000.00,25000.00,5,active,2026-03-19T00:00:00Z
ACC-2020,T-018,MRD-300020,eval,25000.00,25000.00,5,active,2026-03-20T00:00:00Z
ACC-2021,T-019,APX-300021,funded,50000.00,50000.00,5,active,2026-03-19T00:00:00Z
ACC-2022,T-019,APX-300022,funded,50000.00,50000.00,5,active,2026-03-20T00:00:00Z
ACC-2023,T-020,SMT-300023,funded,75000.00,75000.00,8,active,2026-03-20T00:00:00Z
ACC-2024,T-021,MRD-300024,funded,50000.00,50000.00,5,active,2026-03-21T00:00:00Z
ACC-2025,T-022,APX-300025,pro_plus,150000.00,150000.00,20,active,2026-03-22T00:00:00Z
ACC-2026,T-023,SMT-300026,funded,75000.00,75000.00,5,active,2026-03-23T00:00:00Z
ACC-2027,T-024,MRD-300027,funded,25000.00,25000.00,5,active,2026-03-24T00:00:00Z
ACC-2028,T-025,APX-300028,funded,0.00,0.00,5,active,2026-03-25T00:00:00Z
ACC-2029,T-026,SMT-300029,eval,25000.00,25000.00,5,active,2026-03-26T00:00:00Z
ACC-2030,T-027,MRD-300030,funded,100000.00,100000.00,5,active,2026-03-27T00:00:00Z
ACC-2031,T-028,APX-300031,funded,100000.00,100000.00,5,active,2026-03-28T00:00:00Z
ACC-2032,T-029,SMT-300032,funded,75000.00,75000.00,5,active,2026-03-29T00:00:00Z
ACC-2033,T-030,MRD-300033,funded,100000.00,100000.00,5,active,2026-03-30T00:00:00Z
ACC-2034,T-031,APX-300034,eval,100000.00,100000.00,5,active,2026-03-31T00:00:00Z
ACC-2035,T-032,SMT-300035,pro,50000.00,50000.00,5,active,2026-04-01T00:00:00Z
ACC-2036,T-033,MRD-300036,funded,75000.00,75000.00,5,active,2026-04-02T00:00:00Z
ACC-2037,T-034,APX-300037,funded,75000.00,75000.00,5,active,2026-04-03T00:00:00Z
ACC-2038,T-035,SMT-300038,funded,25000.00,25000.00,5,active,2026-04-04T00:00:00Z
ACC-2039,T-036,MRD-300039,pro,50000.00,50000.00,5,active,2026-04-05T00:00:00Z
ACC-2040,T-037,APX-300040,pro,75000.00,75000.00,5,active,2026-04-06T00:00:00Z
ACC-2041,T-038,SMT-300041,funded,25000.00,25000.00,5,active,2026-04-07T00:00:00Z
ACC-2042,T-039,MRD-300042,pro,100000.00,100000.00,5,active,2026-04-08T00:00:00Z
ACC-2043,T-040,APX-300043,pro,75000.00,75000.00,5,active,2026-04-09T00:00:00Z
ACC-2044,T-041,SMT-300044,eval,100000.00,100000.00,5,active,2026-04-10T00:00:00Z
ACC-2045,T-042,MRD-300045,funded,75000.00,75000.00,5,active,2026-04-11T00:00:00Z
ACC-2046,T-043,APX-300046,funded,75000.00,75000.00,5,active,2026-04-12T00:00:00Z
ACC-2047,T-043,APX-300047,demo,100000.00,100000.00,5,active,2026-04-12T00:00:00Z
ACC-2048,T-044,SMT-300048,funded,100000.00,100000.00,5,active,2026-04-13T00:00:00Z
ACC-2049,T-045,MRD-300049,funded,100000.00,100000.00,5,active,2026-04-14T00:00:00Z
ACC-2050,T-046,APX-300050,funded,25000.00,25000.00,5,active,2026-04-15T00:00:00Z
ACC-2051,T-047,SMT-300051,pro,25000.00,25000.00,5,active,2026-04-16T00:00:00Z
ACC-2052,T-048,MRD-300052,funded,50000.00,50000.00,5,active,2026-04-17T00:00:00Z
ACC-2053,T-040,SMT-300053,eval,31500.00,0.00,5,closed,2026-04-30T00:00:00Z
ACC-2054,T-041,SMT-300054,funded,25000.00,0.00,5,restricted,2026-05-01T00:00:00Z
