id,broker_id,first_name,last_name,email,phone,kyc_status,created_at
T-001,BRK-ARWP,Mateo,Herrera,mateo.herrera@gmail.com,+1-555-0100,verified,2026-02-01T00:00:00Z
T-002,BRK-SMPT,Sofia,Rossi,sofia.rossi@smptprop.example,+1-555-0101,verified,2026-02-02T00:00:00Z
T-003,BRK-MRDN,Lucas,Tanaka,lucas.tanaka@mrdnprop.example,+1-555-0102,verified,2026-02-03T00:00:00Z
T-004,BRK-ARWP,Valentina,Novak,valentina.novak@gmail.com,+1-555-0103,verified,2026-02-04T00:00:00Z
T-005,BRK-SMPT,Andres,Silva,andres.silva@smptprop.example,+1-555-0104,verified,2026-02-05T00:00:00Z
T-006,BRK-MRDN,Camila,Mbeki,camila.mbeki@mrdnprop.example,+1-555-0105,verified,2026-02-06T00:00:00Z
T-007,BRK-ARWP,Diego,Larsen,diego.larsen@gmail.com,+1-555-0106,verified,2026-02-07T00:00:00Z
T-008,BRK-SMPT,Isabella,Dubois,isabella.dubois@smptprop.example,+1-555-0107,verified,2026-02-08T00:00:00Z
T-009,BRK-MRDN,Santiago,Petrov,santiago.petrov@mrdnprop.example,+1-555-0108,verified,2026-02-09T00:00:00Z
T-010,BRK-ARWP,Mariana,Okafor,mariana.okafor@gmail.com,+1-555-0109,verified,2026-02-10T00:00:00Z
T-011,BRK-SMPT,Ethan,Garcia,ethan.garcia@smptprop.example,+1-555-0110,verified,2026-02-11T00:00:00Z
T-012,BRK-MRDN,Olivia,Meyer,olivia.meyer@mrdnprop.example,+1-555-0111,verified,2026-02-12T00:00:00Z
T-013,BRK-ARWP,Noah,Kim,noah.kim@gmail.com,+1-555-0112,verified,2026-02-13T00:00:00Z
T-014,BRK-SMPT,Emma,Chen,emma.chen@smptprop.example,+1-555-0113,verified,2026-02-14T00:00:00Z
T-015,BRK-MRDN,Liam,Patel,liam.patel@mrdnprop.example,+1-555-0114,verified,2026-02-15T00:00:00Z
T-016,BRK-ARWP,Ava,Haddad,ava.haddad@gmail.com,+1-555-0115,verified,2026-02-16T00:00:00Z
T-017,BRK-SMPT,Mateo,Herrera,mateo.herrera@smptprop.example,+1-555-0116,verified,2026-02-17T00:00:00Z
T-018,BRK-MRDN,Mia,Berg,mia.berg@mrdnprop.example,+1-555-0117,verified,2026-02-18T00:00:00Z
T-019,BRK-ARWP,James,Moreau,james.moreau@gmail.com,+1-555-0118,verified,2026-02-19T00:00:00Z
T-020,BRK-SMPT,Harper,Costa,harper.costa@smptprop.example,+1-555-0119,verified,2026-02-20T00:00:00Z
T-021,BRK-MRDN,Hiro,Vargas,hiro.vargas@mrdnprop.example,+1-555-0120,verified,2026-02-21T00:00:00Z
T-022,BRK-ARWP,Yuki,Schmidt,yuki.schmidt@gmail.com,+1-555-0121,verified,2026-02-22T00:00:00Z
T-023,BRK-SMPT,Wei,Nakamura,wei.nakamura@smptprop.example,+1-555-0122,verified,2026-02-23T00:00:00Z
T-024,BRK-MRDN,Ling,Ivanov,ling.ivanov@mrdnprop.example,+1-555-0123,verified,2026-02-24T00:00:00Z
T-025,BRK-ARWP,Arjun,Diallo,arjun.diallo@gmail.com,+1-555-0124,verified,2026-02-25T00:00:00Z
T-026,BRK-SMPT,Priya,Andersson,priya.andersson@smptprop.example,+1-555-0125,verified,2026-02-26T00:00:00Z
T-027,BRK-MRDN,Omar,Ferrari,omar.ferrari@mrdnprop.example,+1-555-0126,verified,2026-02-27T00:00:00Z
T-028,BRK-ARWP,Layla,Lopez,layla.lopez@gmail.com,+1-555-0127,verified,2026-02-28T00:00:00Z
T-029,BRK-SMPT,Ivan,Weber,ivan.weber@smptprop.example,+1-555-0128,verified,2026-03-01T00:00:00Z
T-030,BRK-MRDN,Katya,Sato,katya.sato@mrdnprop.example,+1-555-0129,verified,2026-03-02T00:00:00Z
T-031,BRK-ARWP,Lars,Nguyen,lars.nguyen@gmail.com,+1-555-0130,verified,2026-03-03T00:00:00Z
T-032,BRK-SMPT,Freja,Ali,freja.ali@smptprop.example,+1-555-0131,verified,2026-03-04T00:00:00Z
T-033,BRK-MRDN,Marco,Johansson,marco.johansson@mrdnprop.example,+1-555-0132,verified,2026-03-05T00:00:00Z
T-034,BRK-ARWP,Giulia,Ricci,giulia.ricci@gmail.com,+1-555-0133,verified,2026-03-06T00:00:00Z
T-035,BRK-SMPT,Pierre,Fischer,pierre.fischer@smptprop.example,+1-555-0134,verified,2026-03-07T00:00:00Z
T-036,BRK-MRDN,Amelie,Torres,amelie.torres@mrdnprop.example,+1-555-0135,verified,2026-03-08T00:00:00Z
T-037,BRK-ARWP,Jonas,Yamada,jonas.yamada@gmail.com,+1-555-0136,verified,2026-03-09T00:00:00Z
T-038,BRK-SMPT,Clara,Volkov,clara.volkov@smptprop.example,+1-555-0137,verified,2026-03-10T00:00:00Z
T-039,BRK-MRDN,Pablo,Traore,pablo.traore@mrdnprop.example,+1-555-0138,verified,2026-03-11T00:00:00Z
T-040,BRK-ARWP,Lucia,Nilsson,lucia.nilsson@gmail.com,+1-555-0139,verified,2026-03-12T00:00:00Z
T-041,BRK-SMPT,Tunde,Romano,tunde.romano@smptprop.example,+1-555-0140,verified,2026-03-13T00:00:00Z
T-042,BRK-MRDN,Amara,Keller,amara.keller@mrdnprop.example,+1-555-0141,verified,2026-03-14T00:00:00Z
T-043,BRK-ARWP,Kofi,Suzuki,kofi.suzuki@gmail.com,+1-555-0142,verified,2026-03-15T00:00:00Z
T-044,BRK-SMPT,Zanele,Sokolov,zanele.sokolov@smptprop.example,+1-555-0143,verified,2026-03-16T00:00:00Z
T-045,BRK-MRDN,Finn,Keita,finn.keita@mrdnprop.example,+1-555-0144,verified,2026-03-17T00:00:00Z
T-046,BRK-ARWP,Saoirse,Lindgren,saoirse.lindgren@gmail.com,+1-555-0145,verified,2026-03-18T00:00:00Z
T-047,BRK-SMPT,Bruno,Marino,bruno.marino@smptprop.example,+1-555-0146,verified,2026-03-19T00:00:00Z
T-048,BRK-MRDN,Helena,Delgado,helena.delgado@mrdnprop.example,+1-555-0147,verified,2026-03-20T00:00:00Z
